Repository,Date,Stars
1304674612/agentbench,Thu Jul 09 2026 19:49:47 GMT+0800 (中国标准时间),0
1304674612/agentbench,Thu Jul 09 2026 20:06:51 GMT+0800 (中国标准时间),1
1304674612/agentbench,Fri Jul 10 2026 14:01:52 GMT+0800 (中国标准时间),2
1304674612/agentbench,Fri Jul 10 2026 14:02:36 GMT+0800 (中国标准时间),3
1304674612/agentbench,Fri Jul 10 2026 14:03:22 GMT+0800 (中国标准时间),4
1304674612/agentbench,Fri Jul 10 2026 14:04:01 GMT+0800 (中国标准时间),5
1304674612/agentbench,Fri Jul 10 2026 14:04:42 GMT+0800 (中国标准时间),6
1304674612/agentbench,Fri Jul 10 2026 14:05:22 GMT+0800 (中国标准时间),7
1304674612/agentbench,Fri Jul 10 2026 14:06:01 GMT+0800 (中国标准时间),8
1304674612/agentbench,Fri Jul 10 2026 14:06:42 GMT+0800 (中国标准时间),9
1304674612/agentbench,Fri Jul 10 2026 14:08:07 GMT+0800 (中国标准时间),11
1304674612/agentbench,Fri Jul 10 2026 14:32:51 GMT+0800 (中国标准时间),11
